modelo,km,color,precio
Detalles TESLA Model 3 (2022),63.000 km,Azul / Metalizado,25.990 €
Detalles TESLA Model S (2020),94.000 km,Negro,51.990 €
Detalles TESLA Model 3 (2020),138.000 km,Gris,26.990 €
Detalles TESLA Model X (2019),170.000 km,Blanco,44.800 €
Detalles TESLA Model 3 (2019),61.046 km,ROJO,29.900 €
Detalles TESLA Model 3 (2019),104.900 km,Negro,24.900 €
Detalles TESLA Model S (2018),143.350 km,Negro (sólido) / Metalizado,38.990 €
Detalles TESLA Model S (2018),143.350 km,Negro (sólido) / Metalizado,38.990 €
Detalles TESLA Model S (2019),49.000 km,Negro,45.900 €
Detalles TESLA Model 3 (2019),69.855 km,Granate,31.999 €
Detalles TESLA Model X (2018),60.000 km,BLANCO PERLADO,64.900 €
Detalles TESLA Model 3 (2020),47.479 km,Azul,28.490 €
Detalles TESLA Model 3 (2020),47.479 km,Azul,28.490 €
Detalles TESLA Model 3 (2020),89.000 km,Negro,29.990 €
Detalles TESLA Model Y (2023),17.000 km,Negro,39.990 €
Detalles TESLA Model 3 (2020),47.479 km,Azul,28.490 €
Detalles TESLA Model Y (2022),30.000 km,Negro,44.999 €
Detalles TESLA Model 3 (2021),126.000 km,Blanco perla multicapa / Metalizado,23.990 €
Detalles TESLA Model 3 (2020),124.645 km,Negro,31.800 €
Detalles TESLA Model S (2022),15.000 km,Gris,79.900 €
Detalles TESLA Model S (2019),114.114 km,gris metalizado / Metalizado,39.890 €
Detalles TESLA Model 3 (2021),55.000 km,Negro / Metalizado,36.900 €
Detalles TESLA Model S (2019),89.831 km,azul metalizado / Metalizado,38.890 €
Detalles TESLA Model 3 (2021),58.431 km,gris metalizado / Metalizado,37.490 €
Detalles TESLA Model S (2020),76.800 km,Rojo,55.900 €
Detalles TESLA Model Y (2023),46.686 km,Blanco / Metalizado,39.900 €
Detalles TESLA Model 3 (2019),124.839 km,Azul / Metalizado,25.940 €
Detalles TESLA Model S (2017),97.000 km,MIDNIGHT SILVER METALLIC PAINT,36.490 €
Detalles TESLA Model S (2017),56.000 km,Blanco / Metalizado,59.900 €
Detalles TESLA Model Y (2023),12.000 km,Negro,41.900 €
Detalles TESLA Model S (2020),109.900 km,Azul / Metalizado,42.900 €
Detalles TESLA Model S (2013),385.000 km,Negro,10.500 €
Detalles TESLA Model S (2019),96.000 km,Azul,48.900 €
Detalles TESLA Model X (2021),58.000 km,Gris,54.900 €
Detalles TESLA Model 3 (2021),59.990 km,Gris / Metalizado,36.900 €
Detalles TESLA Model Y (2021),48.000 km,Blanco / Metalizado,37.850 €
Detalles TESLA Model 3 (2019),75.000 km,Negro / Metalizado,23.500 €
Detalles TESLA Model X (2020),93.000 km,Rojo,54.900 €
Detalles TESLA Model S (2014),140.000 km,Gris / Metalizado,25.990 €
Detalles TESLA Model X (2021),18.000 km,Blanco,79.990 €
Detalles TESLA Model Y (2022),36.413 km,Negro,35.250 €
Detalles TESLA Model S (2018),134.000 km,Gris,26.900 €
Detalles TESLA Model 3 (2020),21.318 km,Azul,29.700 €
Detalles TESLA Model S (2020),52.000 km,Blanco,60.900 €
Detalles TESLA Model S (2017),125.000 km,gris oscuro,43.500 €
Detalles TESLA Model 3 (2021),49.000 km,Azul / Metalizado,31.500 €
Detalles TESLA Model S (2018),85.000 km,Azul / Metalizado,34.500 €
Detalles TESLA Model X (2018),175.268 km,Gris,28.995 €
Detalles TESLA Model 3 (2022),65.500 km,Negro / Metalizado,30.950 €
Detalles TESLA Model 3 (2022),29.458 km,Gris / Metalizado,41.500 €
Detalles TESLA Model 3 (2021),46.500 km,Gris / Metalizado,36.500 €
Detalles TESLA Model S (2016),78.590 km,Negro,48.600 €
Detalles TESLA Model 3 (2019),136.000 km,Negro / Metalizado,21.390 €
Detalles TESLA Model 3 (2022),44.580 km,Negro / Metalizado,35.500 €
Detalles TESLA Model 3 (2022),8.900 km,Pearl White Multi-Coat,39.900 €
Detalles TESLA Model 3 (2022),49.990 km,Gris / Metalizado,32.300 €
Detalles TESLA Model 3 (2021),39.900 km,Blanco / Metalizado,37.500 €
Detalles TESLA Model X (2017),119.990 km,Rojo,59.999 €
Detalles TESLA Model S (2020),59.999 km,Negro / Metalizado,51.900 €
Detalles TESLA Model 3 (2020),60.000 km,Rojo,29.990 €
Detalles TESLA Model X (2019),85.000 km,Blanco,54.990 €
Detalles TESLA Model X (2016),133.500 km,Negro / Metalizado,49.900 €
Detalles TESLA Model S (2023),16.000 km,Blanco,89.900 €
Detalles TESLA Model 3 (2020),77.000 km,Blanco,33.900 €
Detalles TESLA Model X (2016),102.000 km,Gris / Metalizado,38.900 €
Detalles TESLA Model 3 (2021),37.900 km,Plata Medianoche (metalizado) / Metalizado,40.900 €
Detalles TESLA Model S (2017),121.000 km,Rojo,22.900 €
Detalles TESLA Model 3 (2020),43.063 km,Azul,27.990 €
Detalles TESLA Model X (2016),88.024 km,Blanco,43.990 €
Detalles TESLA Model X (2018),165.000 km,Negro,42.900 €
Detalles TESLA Model 3 (2023),33.900 km,Blanco / Metalizado,39.990 €
Detalles TESLA Model 3 (2019),146.765 km,Negro,24.995 €
Detalles TESLA Model S (2019),114.000 km,ANTRACITA / Metalizado,39.900 €
Detalles TESLA Model 3 (2019),180.000 km,Blanco,24.990 €
Detalles TESLA Model Y (2023),45.000 km,Blanco,55.900 €
Detalles TESLA Model X (2017),240.000 km,Azul,34.900 €
Detalles TESLA Model Y (2022),10.000 km,Negro Solido / Metalizado,59.900 €
Detalles TESLA Model S (2022),15.000 km,Gris,79.900 €
Detalles TESLA Model 3 (2022),20.000 km,Pintura negro metalizado,49.900 €
Detalles TESLA Model X (2017),130.000 km,Gris,37.500 €
Detalles TESLA Model 3 (2024),2.490 km,Azul,42.500 €
Detalles TESLA Model Y (2022),39.847 km,Negro,44.970 €
Detalles TESLA Model 3 (2021),52.000 km,Blanco,28.900 €
Detalles TESLA Model S (2013),121.900 km,-,24.900 €
Detalles TESLA Model X (2019),110.000 km,blanco,42.999 €
Detalles TESLA Model 3 (2019),28.000 km,Blanco,37.900 €
Detalles TESLA Model X (2019),68.000 km,Gris / Metalizado,58.498 €
Detalles TESLA Model 3 (2021),69.000 km,Blanco / Metalizado,33.975 €
Detalles TESLA Model 3 (2021),98.226 km,Blanco / Metalizado,31.890 €
Detalles TESLA Model 3 (2019),71.000 km,PERLA / Metalizado,24.999 €
Detalles TESLA Model X (2017),74.000 km,Azul,37.900 €
Detalles TESLA Model X (2017),52.000 km,Blanco / Metalizado,47.900 €
Detalles TESLA Model S (2014),220.000 km,Azul / Metalizado,35.000 €
Detalles TESLA Model 3 (2024),35 km,rojo,49.900 €
Detalles TESLA Model Y (2024),11.900 km,Negro / Metalizado,49.900 €
Detalles TESLA Model X (2024),1 km,Gris,259.900 €
Detalles TESLA Model 3 (2023),29.000 km,Blanco,32.990 €
Detalles TESLA Model 3 (2023),10.000 km,Gris / Metalizado,35.995 €
Detalles TESLA Model 3 (2024),1 km,Blanco,49.900 €
Detalles TESLA Model S (2017),382.100 km,Marrón,20.999 €
Detalles TESLA Model 3 (2021),40.000 km,Negro / Metalizado,33.990 €
Detalles TESLA Model 3 (2021),59.000 km,gris,39.900 €
Detalles TESLA Model S (2016),60.000 km,Marrón / Metalizado,26.995 €
Detalles TESLA Model S (2019),37.500 km,Gris / Metalizado,46.500 €
Detalles TESLA Model 3 (2021),44.974 km,Negro,34.500 €
Detalles TESLA Model 3 (2020),77.000 km,Blanco,33.900 €
Detalles TESLA Model Y (2023),9.294 km,Blanco,42.950 €
Detalles TESLA Model Y (2021),63.000 km,Azul / Metalizado,35.475 €
Detalles TESLA Model 3 (2019),39.000 km,Azul,27.500 €
Detalles TESLA Model Y (2022),47.000 km,Negro / Metalizado,37.990 €
Detalles TESLA Model X (2019),79.000 km,negro,39.900 €
Detalles TESLA Model X (2017),70.000 km,Azul / Metalizado,55.000 €
Detalles TESLA Model 3 (2020),77.000 km,Blanco / Metalizado,26.850 €
Detalles TESLA Model 3 (2019),39.413 km,Azul / Metalizado,28.990 €
Detalles TESLA Model 3 (2021),55.000 km,Negro,36.900 €
Detalles TESLA Model 3 (2021),74.910 km,Rojo / Metalizado,33.990 €
Detalles TESLA Model 3 (2020),77.000 km,Blanco / Metalizado,26.850 €
Detalles TESLA Model X (2017),99.000 km,Gris,34.990 €
Detalles TESLA Model Y (2023),15.000 km,BLANCO,38.900 €
Detalles TESLA Model 3 (2019),88.000 km,Negro,24.900 €
Detalles TESLA Model 3 (2022),37.418 km,Blanco / Metalizado,37.600 €
Detalles TESLA Model X (2020),58.000 km,Azul / Metalizado,54.900 €
Detalles TESLA Model S (2019),37.500 km,Gris / Metalizado,46.500 €
Detalles TESLA Model 3 (2020),128.000 km,Gris / Metalizado,24.850 €
Detalles TESLA Model 3 (2020),78.436 km,Blanco / Metalizado,27.990 €
Detalles TESLA Model 3 (2021),93.000 km,Azul / Metalizado,25.850 €
Detalles TESLA Model 3 (2019),88.000 km,Blanco,29.900 €
Detalles TESLA Model 3 (2020),62.000 km,-,29.450 €
Detalles TESLA Model 3 (2021),55.000 km,blanco / Metalizado,35.900 €
Detalles TESLA Model X (2023),10.000 km,Negro,89.900 €
Detalles TESLA Model 3 (2024),35 km,Rojo,52.900 €
Detalles TESLA Model 3 (2020),47.479 km,Azul,28.490 €
Detalles TESLA Model 3 (2020),14.000 km,Blanco,32.500 €
Detalles TESLA Model Y (2024),5.000 km,Gris,50.900 €
Detalles TESLA Model 3 (2021),60.000 km,Azul,33.990 €
Detalles TESLA Model S (2018),61.000 km,Plata / Metalizado,30.995 €
Detalles TESLA Model X (2019),51.426 km,Gris / Metalizado,55.900 €
Detalles TESLA Model 3 (2021),33.340 km,Negro,33.950 €
Detalles TESLA Model 3 (2019),88.000 km,Gris / Metalizado,24.900 €
Detalles TESLA Model S (2019),188.000 km,Negro / Metalizado,23.000 €
Detalles TESLA Model 3 (2021),30.686 km,Gris,34.990 €
Detalles TESLA Model 3 (2020),116.000 km,blanco,29.900 €
Detalles TESLA Model 3 (2019),95.000 km,Blanco,23.900 €
Detalles TESLA Model X (2017),125.000 km,Granate,38.900 €
Detalles TESLA Model Y (2024),14.000 km,negro,52.900 €
Detalles TESLA Model X (2020),14.000 km,Negro,69.900 €
Detalles TESLA Model X (2018),109.000 km,rojo,49.900 €
Detalles TESLA Model 3 (2022),48.523 km,Blanco,43.900 €
Detalles TESLA Model 3 (2019),125.000 km,Rojo / Metalizado,27.900 €
Detalles TESLA Model 3 (2024),1 km,blanco,49.900 €
Detalles TESLA Model S (2014),32.000 km,Marrón / Metalizado,32.000 €
Detalles TESLA Model X (2020),35.000 km,azul,49.999 €
Detalles TESLA Model 3 (2020),113.000 km,Blanco / Metalizado,25.450 €
Detalles TESLA Model Y (2022),32.000 km,Negro,59.990 €
Detalles TESLA Model 3 (2020),117.000 km,-,28.950 €
Detalles TESLA Model 3 (2021),65.000 km,negro,39.900 €
Detalles TESLA Model 3 (2020),26.000 km,Blanco / Metalizado,29.850 €
Detalles TESLA Model 3 (2021),88.000 km,blanco,26.900 €
Detalles TESLA Model X (2017),320.000 km,Rojo,32.990 €
Detalles TESLA Model 3 (2019),137.183 km,TESLA Model 3 Gran Autonomia AWD 4p. Dual Motor / Metalizado,25.000 €
Detalles TESLA Model 3 (2019),169.800 km,blanco / Metalizado,28.990 €
Detalles TESLA Model 3 (2022),58.000 km,blanco / Metalizado,35.900 €
Detalles TESLA Model 3 (2020),113.000 km,Blanco / Metalizado,25.450 €
Detalles TESLA Model 3 (2021),93.000 km,Azul / Metalizado,25.850 €
Detalles TESLA Model S (2022),19.000 km,Gris,38.000 €
Detalles TESLA Model S (2015),175.000 km,Gris / Metalizado,28.000 €
Detalles TESLA Model X (2023),10.000 km,negro,84.900 €
Detalles TESLA Model 3 (2020),26.000 km,Blanco / Metalizado,29.850 €
Detalles TESLA Model Y (2022),38.000 km,negro,41.900 €
Detalles TESLA Model Y (2024),23.000 km,Negro,35.900 €
Detalles TESLA Model Y (2024),7.925 km,Blanco,46.990 €
Detalles TESLA Model 3 (2019),89.990 km,-,22.800 €
Detalles TESLA Model 3 (2022),49.900 km,blanco,37.500 €
Detalles TESLA Model S (2015),170.000 km,-,27.550 €
Detalles TESLA Model 3 (2020),128.000 km,Gris / Metalizado,24.850 €
Detalles TESLA Model 3 (2019),131.000 km,-,24.350 €
Detalles TESLA Model 3 (2019),53.000 km,Blanco / Metalizado,27.990 €
Detalles TESLA Model Y (2024),10.778 km,Negro,36.500 €
Detalles TESLA Model Y (2023),25.000 km,-,44.500 €
Detalles TESLA Model 3 (2020),120.000 km,blanco,27.500 €
Detalles TESLA Model 3 (2021),56.000 km,Blanco,35.500 €
Detalles TESLA Model X (2017),129.200 km,Negro / Metalizado,44.900 €
Detalles TESLA Model 3 (2022),134.500 km,-,25.050 €
Detalles TESLA Model S (2023),39.980 km,Gris,78.990 €
Detalles TESLA Model 3 (2023),55.852 km,Gris,38.390 €
Detalles TESLA Model X (2019),58.500 km,Azul / Metalizado,49.900 €
Detalles TESLA Model 3 (2021),57.000 km,Blanco / Metalizado,28.990 €
Detalles TESLA Model 3 (2022),63.000 km,Azul / Metalizado,25.990 €
Detalles TESLA Model S (2014),233.000 km,Rojo,21.990 €
Detalles TESLA Model S (2015),98.000 km,Marrón / Metalizado,25.990 €
Detalles TESLA Model S (2018),107.000 km,Plata,44.900 €
Detalles TESLA Model Y (2022),51.900 km,Blanco,41.900 €
Detalles TESLA Model X (2019),54.500 km,Negro / Metalizado,59.900 €
Detalles TESLA Model S (2019),39.000 km,Rojo,38.900 €
Detalles TESLA Model S (2015),188.000 km,Blanco,24.550 €
Detalles TESLA Model 3 (2021),43.000 km,Azul / Metalizado,37.000 €
Detalles TESLA Model 3 (2023),55.000 km,-,35.950 €
Detalles TESLA Model 3 (2021),27.000 km,-,35.400 €
Detalles TESLA Model 3 (2021),78.713 km,Azul,24.995 €
Detalles TESLA Model S (2017),118.900 km,Gris,25.800 €
Detalles TESLA Model 3 (2019),73.000 km,Gris,25.000 €
Detalles TESLA Model 3 (2020),124.650 km,Blanco,21.800 €
Detalles TESLA Model 3 (2020),128.084 km,Gris,21.500 €
Detalles TESLA Model 3 (2020),129.446 km,Azul,21.500 €
Detalles TESLA Model 3 (2021),72.000 km,Negro / Metalizado,28.475 €
Detalles TESLA Model S (2017),109.000 km,Negro / Metalizado,26.475 €
Detalles TESLA Model X (2018),89.179 km,GRIS,41.790 €
Detalles TESLA Model S (2019),49.000 km,Negro,45.900 €
Detalles TESLA Model 3 (2022),53.000 km,Gris / Metalizado,27.950 €
Detalles TESLA Model 3 (2022),48.000 km,Negro / Metalizado,33.850 €
Detalles TESLA Model 3 (2022),48.000 km,Negro / Metalizado,33.850 €
Detalles TESLA Model 3 (2019),150.000 km,Negro / Metalizado,21.995 €
Detalles TESLA Model 3 (2024),421 km,Blanco,37.990 €
Detalles TESLA Model 3 (2022),57.000 km,Azul / Metalizado,27.950 €
Detalles TESLA Model 3 (2022),53.000 km,Gris / Metalizado,27.950 €
Detalles TESLA Model 3 (2022),65.000 km,Azul / Metalizado,27.850 €
Detalles TESLA Model 3 (2022),65.000 km,Azul / Metalizado,27.850 €
Detalles TESLA Model 3 (2023),12 km,Gris Plata / Metalizado,37.990 €
Detalles TESLA Model 3 (2019),140.000 km,Negro,27.500 €
Detalles TESLA Model 3 (2019),70.000 km,Blanco / Metalizado,25.999 €
Detalles TESLA Model 3 (2022),39.398 km,Rojo,32.990 €
Detalles TESLA Model Y (2022),28.400 km,Otros,34.990 €
Detalles TESLA Model X (2018),84.179 km,Gris,43.990 €
Detalles TESLA Model 3 (2020),84.188 km,Blanco,28.490 €
Detalles TESLA Model 3 (2021),123.603 km,Otros,31.990 €
Detalles TESLA Model Y (2022),28.400 km,Otros,34.990 €
Detalles TESLA Model S (2020),66.066 km,Negro,56.990 €
Detalles TESLA Model 3 (2023),44.998 km,Blanco,31.490 €
Detalles TESLA Model Y (2021),96.000 km,Rojo,33.420 €
Detalles TESLA Model 3 (2020),84.188 km,Blanco,28.490 €
Detalles TESLA Model 3 (2021),123.603 km,Otros,31.990 €
Detalles TESLA Model S (2023),4.430 km,Blanco,85.200 €
Detalles TESLA Model 3 (2023),23.000 km,"Tesla Model 3, edición 2023 / Metalizado",34.500 €
Detalles TESLA Model S (2014),97.000 km,-,24.750 €
Detalles TESLA Model X (2017),90.900 km,Negro,36.900 €
Detalles TESLA Model S (2018),114.000 km,Negro,32.500 €
Detalles TESLA Model X (2016),91.000 km,Blanco,43.900 €
Detalles TESLA Model S (2016),114.000 km,Gris / Metalizado,27.995 €
Detalles TESLA Model 3 (2021),63.776 km,Blanco,32.990 €
Detalles TESLA Model Y (2024),7.000 km,Negro,47.990 €
Detalles TESLA Model X (2023),9.094 km,Blanco,83.000 €
Detalles TESLA Model 3 (2022),62.000 km,Azul,30.490 €
Detalles TESLA Model X (2020),34.162 km,Blanco,61.490 €
Detalles TESLA Model 3 (2022),68.000 km,Gris,29.490 €
Detalles TESLA Model 3 (2019),123.000 km,Rojo / Metalizado,29.990 €
Detalles TESLA Model S (2023),15.040 km,Blanco,87.400 €
Detalles TESLA Model 3 (2020),74.862 km,Gris,37.990 €
Detalles TESLA Model 3 (2020),49.990 km,Rojo,26.490 €
Detalles TESLA Model 3 (2022),57.000 km,Azul / Metalizado,27.950 €
Detalles TESLA Model 3 (2024),16.500 km,Rojo,44.900 €
Detalles TESLA Model S (2018),68.295 km,Negro,35.500 €
Detalles TESLA Model S (2019),89.500 km,Negro,42.890 €
Detalles TESLA Model S (2016),68.867 km,Negro,32.490 €
Detalles TESLA Model S (2018),94.000 km,Gris / Metalizado,39.900 €
Detalles TESLA Model 3 (2021),57.522 km,Rojo,34.400 €
Detalles TESLA Model 3 (2021),44.900 km,Gris,31.990 €
Detalles TESLA Model 3 (2021),36.000 km,Blanco,32.990 €
